Modelo,Cenário,Recall (AVC),Precisão (AVC),Acurácia
"KNN (K=7, Manhattan)",com SMOTE,0.4,0.12738853503184713,0.8365949119373777
"KNN (K=7, Manhattan)",SEM SMOTE,0.02,0.5,0.9510763209393346
Árvore (max_depth=5),com SMOTE,0.82,0.11549295774647887,0.6839530332681018
Árvore (max_depth=5),SEM SMOTE,0.04,0.4,0.9500978473581213
